#:Pfam_ID	AlphaFold ID	Region_type	Region_name	Region_coords_HMM
MT-A70	AF-Q9KIW1-F1	subdomain	sam_subdom	134-172
MT-A70	AF-Q9KIW1-F1	subdomain	cat_subdom	1-110
MT-A70	AF-Q9KIW1-F1	motif	sam_motif	158-160
MT-A70	AF-Q9KIW1-F1	motif	cat_motif	7-10
Dam	AF-A0A2L1UPL1-F1	subdomain	sam_subdom	1-59
Dam	AF-A0A2L1UPL1-F1	subdomain	cat_subdom	60-149
Dam	AF-A0A2L1UPL1-F1	motif	sam_motif	27-34
Dam	AF-A0A2L1UPL1-F1	motif	cat_motif	66-69
EcoRI_methylase	AF-P00472-F1	subdomain	sam_subdom	19-138
EcoRI_methylase	AF-P00472-F1	subdomain	cat_subdom	139-236
EcoRI_methylase	AF-P00472-F1	motif	sam_motif	44-45
EcoRI_methylase	AF-P00472-F1	motif	cat_motif	145-148