#:Model_ID	PDB_chain	Region_type	Region_name	Region_coords_HMM
48856	1q0s:A	subdomain	sam_subdom	10-64,149-165
48856	1q0s:A	subdomain	cat_subdom	166-259
48856	1q0s:A	motif	sam_motif	30-37
48856	1q0s:A	motif	cat_motif	171-174
52484	2dpm:A	subdomain	sam_subdom	11-67,159-179
52484	2dpm:A	subdomain	cat_subdom	180-272
52484	2dpm:A	motif	sam_motif	32-39
52484	2dpm:A	motif	cat_motif	185-188
45633	6mht:A	subdomain	sam_subdom	12-72,306-322
45633	6mht:A	subdomain	cat_subdom	73-173
45633	6mht:A	motif	sam_motif	16-23
45633	6mht:A	motif	cat_motif	78-81
46303	1dct:A	subdomain	sam_subdom	1-62,308-324
46303	1dct:A	subdomain	cat_subdom	63-163
46303	1dct:A	motif	sam_motif	5-12
46303	1dct:A	motif	cat_motif	68-71
46923	1g55:A	subdomain	sam_subdom	3-69,317-343
46923	1g55:A	subdomain	cat_subdom	70-169
46923	1g55:A	motif	sam_motif	7-14
46923	1g55:A	motif	cat_motif	75-78
52618	2f8l:A	subdomain	sam_subdom	97-187
52618	2f8l:A	subdomain	cat_subdom	188-294
52618	2f8l:A	motif	sam_motif	123-130
52618	2f8l:A	motif	cat_motif	195-198
51816	2ar0:A	subdomain	sam_subdom	148-255
51816	2ar0:A	subdomain	cat_subdom	256-359
51816	2ar0:A	motif	sam_motif	170-177
51816	2ar0:A	motif	cat_motif	263-266
54378	2okc:A	subdomain	sam_subdom	146-243
54378	2okc:A	subdomain	cat_subdom	244-350
54378	2okc:A	motif	sam_motif	168-175
54378	2okc:A	motif	cat_motif	251-254
45988	1boo:A	subdomain	sam_subdom	9-30,234-292
45988	1boo:A	subdomain	cat_subdom	31-150
45988	1boo:A	motif	sam_motif	256-263
45988	1boo:A	motif	cat_motif	38-41
37952	1g60:A	subdomain	sam_subdom	1-22,196-254
37952	1g60:A	subdomain	cat_subdom	23-124
37952	1g60:A	motif	sam_motif	218-225
37952	1g60:A	motif	cat_motif	30-33
36976	1eg2:A	subdomain	sam_subdom	1-22,191-249
36976	1eg2:A	subdomain	cat_subdom	23-129
36976	1eg2:A	motif	sam_motif	213-220
36976	1eg2:A	motif	cat_motif	30-33
53087	2ibt:A	subdomain	sam_subdom	2-77
53087	2ibt:A	subdomain	cat_subdom	78-190
53087	2ibt:A	motif	sam_motif	25-32
53087	2ibt:A	motif	cat_motif	85-88