#:Model_ID	PDB_chain	Region_type	Region_name	Region_coords_HMM	Comments
0048856	1q0s:A	subdomain	sam_subdom	10-64,149-165	Full: hX-hB,s3-hC
0048856	1q0s:A	subdomain	cat_subdom	166-259	Full: s4-s7
0048856	1q0s:A	motif	sam_motif	32-36	Full: FaGsG
0048856	1q0s:A	motif	cat_motif	171-174	Full: DPPY
0052484	2dpm:A	subdomain	sam_subdom	11-67,159-179	Full: hX-hB,s3-hC
0052484	2dpm:A	subdomain	cat_subdom	180-272	Full: s4-s7
0052484	2dpm:A	motif	sam_motif	34-38	Full: FaGgG
0052484	2dpm:A	motif	cat_motif	185-188	Full: DPPY
0045633	6mht:A	subdomain	sam_subdom	12-72,306-322	Full: s1-hC,hX
0045633	6mht:A	subdomain	cat_subdom	73-173	Full: s4-s7
0045633	6mht:A	motif	sam_motif	18-22	Full: FaGiG
0045633	6mht:A	motif	cat_motif	78-81	Full: GPPC
0046303	1dct:A	subdomain	sam_subdom	1-62,308-324	Full: s1-hC,hX
0046303	1dct:A	subdomain	cat_subdom	63-163	Full: s4-s7
0046303	1dct:A	motif	sam_motif	7-11	Full: FaGiG
0046303	1dct:A	motif	cat_motif	68-71	Full: [GS][PF]PC
0046923	1g55:A	subdomain	sam_subdom	3-69,317-343	Full: s1-hC,hX
0046923	1g55:A	subdomain	cat_subdom	70-169	Full: s4-s7
0046923	1g55:A	motif	sam_motif	9-13	Full: FaGiG
0046923	1g55:A	motif	cat_motif	75-78	Full: [GS][PF]PC
0052618	2f8l:A	subdomain	sam_subdom	97-187	Full: hX-hC
0052618	2f8l:A	subdomain	cat_subdom	188-294	Full: s4-s7
0052618	2f8l:A	motif	sam_motif	125-129	Full: GcGsG
0052618	2f8l:A	motif	cat_motif	195-198	Full: [ND]PP[YF]
0051816	2ar0:A	subdomain	sam_subdom	148-255	Full: hX-hC
0051816	2ar0:A	subdomain	cat_subdom	256-359	Full: s4-s7
0051816	2ar0:A	motif	sam_motif	172-176	Full: AcGsG
0051816	2ar0:A	motif	cat_motif	263-266	Full: NPP[FY]
0054378	2okc:A	subdomain	sam_subdom	146-243	Full: hX-hC
0054378	2okc:A	subdomain	cat_subdom	244-350	Full: s4-s7
0054378	2okc:A	motif	sam_motif	170-174	Full: AcGsG
0054378	2okc:A	motif	cat_motif	251-254	Full: NPP[YF]
0045988	1boo:A	subdomain	sam_subdom	9-30,234-292	Full: s3-hC,hX-hB
0045988	1boo:A	subdomain	cat_subdom	31-150	Full: s4-s7
0045988	1boo:A	motif	sam_motif	258-262	Full: FaGsG
0045988	1boo:A	motif	cat_motif	38-41	Full: [DS]PPY
0037952	1g60:A	subdomain	sam_subdom	1-22,196-254	Full: s3-hC,hX-hB
0037952	1g60:A	subdomain	cat_subdom	23-124	Full: s4-s7
0037952	1g60:A	motif	sam_motif	220-224	Full: FcGsG
0037952	1g60:A	motif	cat_motif	30-33	Full: [DS]PPY
0036976	1eg2:A	subdomain	sam_subdom	1-22,191-249	Full: s3-hC,hX-hB
0036976	1eg2:A	subdomain	cat_subdom	23-129	Full: s4-s7
0036976	1eg2:A	motif	sam_motif	215-219	Full: FaGsG
0036976	1eg2:A	motif	cat_motif	30-33	Full: [DS]PPY
0053087	2ibt:A	subdomain	sam_subdom	2-77	Full: hX-hC
0053087	2ibt:A	subdomain	cat_subdom	78-190	Full: s4-s7
0053087	2ibt:A	motif	sam_motif	27-31	Full: GcGsG
0053087	2ibt:A	motif	cat_motif	85-88	Full: [ND]PP[YF]
